,festival,year,location,city,stage_name,actfilter,solo/band,formation,country_of_origin,birthplace,ethnicity,gender,age_present,age_(at_time_of_appearance),years_active_(at_time_of_appearance),still_active,rock_n_roll_hall_of_fame
0,bestival,2007.0,robin hill,isle of wight,Chemical Brothers,1.0,b,1989.0,england,manchester,white british,m,52.0,37.0,18.0,y,
1,bestival,2007.0,robin hill,isle of wight,Beastie Boys,1.0,b,1980.0,United States,new york,white american,m,55.0,40.0,27.0,n,
2,bestival,2007.0,robin hill,isle of wight,Primal Scream,1.0,b,1982.0,scotland,glasgow,white british,m,57.0,42.0,25.0,y,
3,bestival,2008.0,robin hill,isle of wight,my bloody valentine,1.0,b,1983.0,ireland,dublin,white irish,mixed,58.0,44.0,25.0,y,
4,bestival,2008.0,robin hill,isle of wight,underworld,1.0,b,1980.0,england,london,white british,m,63.0,49.0,28.0,y,
5,bestival,2008.0,robin hill,isle of wight,amy winehouse,1.0,s,2003.0,england,london,white british,f,,,5.0,n,
6,bestival,2009.0,robin hill,isle of wight,Elbow,1.0,b,1997.0,england,bury,white british,m,48.0,35.0,12.0,y,
7,bestival,2009.0,robin hill,isle of wight,massive attack,1.0,b,1988.0,england,bristol,mixed,m,58.0,45.0,21.0,y,
8,bestival,2009.0,robin hill,isle of wight,Kraftwerk,1.0,b,1969.0,germany,dusseldorf,white european,m,69.0,56.0,40.0,y,
9,bestival,2010.0,robin hill,isle of wight,dizzee rascal,1.0,s,2000.0,england,london,black british,m,37.0,25.0,10.0,y,
10,bestival,2010.0,robin hill,isle of wight,The Prodigy,1.0,b,1990.0,england,essex,mixed,m,52.0,40.0,20.0,y,
11,bestival,2010.0,robin hill,isle of wight,the flaming lips,1.0,b,1983.0,United States,oklahoma,white american,m,58.0,46.0,27.0,y,
12,bestival,2011.0,robin hill,isle of wight,bjork,1.0,s,1976.0,iceland,reykjavik,white european,f,56.0,45.0,35.0,y,
13,bestival,2011.0,robin hill,isle of wight,The Cure,1.0,b,1976.0,england,crawley,white british,m,62.0,51.0,35.0,y,
14,bestival,2011.0,robin hill,isle of wight,pendulum,1.0,b,2002.0,australia,perth,mixed,m,,,9.0,y,
15,bestival,2012.0,robin hill,isle of wight,Florence & the Machine,1.0,b,2007.0,england,london,white british,f,35.0,25.0,5.0,y,
16,bestival,2012.0,robin hill,isle of wight,New Order,1.0,b,1980.0,england,manchester,white british,m,64.0,54.0,32.0,y,
17,bestival,2012.0,robin hill,isle of wight,Stevie Wonder,1.0,s,1961.0,United States,michigan,african american,m,71.0,61.0,51.0,y,
18,bestival,2013.0,robin hill,isle of wight,snoop dogg,1.0,s,1992.0,United States,california,black american,m,50.0,41.0,21.0,y,
19,bestival,2013.0,robin hill,isle of wight,fatboy slim,1.0,s,1996.0,england,london,white british,m,58.0,49.0,17.0,y,
20,bestival,2013.0,robin hill,isle of wight,elton john,1.0,b,1963.0,england,london,white british,m,75.0,66.0,50.0,y,
21,bestival,2014.0,robin hill,isle of wight,Foals,1.0,b,2005.0,england,oxfordshire,mixed,m,35.0,27.0,9.0,y,
22,bestival,2014.0,robin hill,isle of wight,outkast,1.0,b,1991.0,United States,georgia,black american,m,47.0,39.0,23.0,y,
23,bestival,2014.0,robin hill,isle of wight,beck,1.0,s,1985.0,United States,los angeles,white american,m,51.0,43.0,29.0,y,
24,bestival,2014.0,robin hill,isle of wight,chic,1.0,b,1976.0,United States,new york,black american,mixed,69.0,61.0,38.0,y,
25,bestival,2015.0,robin hill,isle of wight,missy elliott,1.0,s,1989.0,United States,virginia,black american,f,50.0,43.0,26.0,y,
26,bestival,2015.0,robin hill,isle of wight,Chemical Brothers,2.0,b,1989.0,england,manchester,white british,m,52.0,45.0,26.0,y,
27,bestival,2015.0,robin hill,isle of wight,duran duran,1.0,b,1978.0,england,birmingham,white british,m,61.0,54.0,37.0,y,
28,bestival,2016.0,robin hill,isle of wight,major lazer,1.0,b,2009.0,,,mixed,m,41.0,35.0,7.0,y,
29,bestival,2016.0,robin hill,isle of wight,The Cure,2.0,b,1976.0,england,crawley,white british,m,62.0,56.0,40.0,y,
30,bestival,2016.0,robin hill,isle of wight,hot chip,1.0,b,2000.0,england,london,white british,m,,,16.0,y,
31,bestival,2017.0,lulworth estate,dorset,the xx,1.0,b,2005.0,england,london,mixed,mixed,33.0,28.0,12.0,y,
32,bestival,2017.0,lulworth estate,dorset,jamie t,1.0,s,2005.0,england,london,white british,m,36.0,31.0,12.0,y,
33,bestival,2017.0,lulworth estate,dorset,Pet Shop Boys,1.0,b,1981.0,england,london,white british,m,65.0,60.0,36.0,y,
34,bestival,2017.0,lulworth estate,dorset,a tribe called quest,1.0,b,1985.0,United States,new york,black american,mixed,,,32.0,y,
35,boardmasters,2007.0,newquay,cornwall,Ash,1.0,b,1992.0,northern ireland,downpatrick,white british,m,45.0,30.0,15.0,y,
36,boardmasters,2007.0,newquay,cornwall,the subways,1.0,b,2000.0,england,hertfordshire,white british,mixed,,,7.0,y,
37,boardmasters,2007.0,newquay,cornwall,funeral for a friend,1.0,b,2001.0,wales,bridgend,white british,m,,,6.0,n,
38,boardmasters,2008.0,newquay,cornwall,groove armada,1.0,b,1996.0,england,london,white british,m,50.0,36.0,12.0,y,
39,boardmasters,2008.0,newquay,cornwall,the zutons,1.0,b,2001.0,england,liverpool,white british,mixed,,,7.0,n,
40,boardmasters,2008.0,newquay,cornwall,the pigeon detectives,1.0,b,2004.0,england,west yorkshire,white british,m,,,4.0,y,
41,boardmasters,2009.0,newquay,cornwall,Calvin Harris,1.0,s,2002.0,scotland,dumfries,white british,m,38.0,25.0,7.0,y,
42,boardmasters,2009.0,newquay,cornwall,super furry animals,1.0,b,1993.0,wales,cardiff,white british,m,50.0,37.0,16.0,y,
43,boardmasters,2009.0,newquay,cornwall,cypress hill,1.0,b,1988.0,United States,california,latin american,m,54.0,41.0,21.0,y,
44,boardmasters,2009.0,newquay,cornwall,the streets,1.0,b,1994.0,england,birmingham,mixed,m,,,15.0,n,
45,boardmasters,2010.0,newquay,cornwall,newton faulkner,1.0,s,2006.0,england,surrey,white british,m,37.0,25.0,4.0,y,
46,boardmasters,2010.0,newquay,cornwall,seasick steve,1.0,s,,united states,california,white american,m,80.0,68.0,,y,
47,boardmasters,2010.0,newquay,cornwall,leftfield,1.0,,1989.0,england,london,mixed,mixed,,,21.0,y,
48,boardmasters,2010.0,newquay,cornwall,chase & status,1.0,b,2003.0,england,london,white british,m,,,7.0,y,
49,boardmasters,2011.0,newquay,cornwall,klaxons,1.0,b,2005.0,england,london,white british,m,38.0,27.0,6.0,n,
50,boardmasters,2011.0,newquay,cornwall,fatboy slim,2.0,s,1996.0,england,london,white british,m,58.0,47.0,15.0,y,
51,boardmasters,2011.0,newquay,cornwall,bombay bicycle club,1.0,b,2005.0,england,london,mixed,m,,,6.0,n,
52,boardmasters,2012.0,newquay,cornwall,ed sheeran,1.0,s,2004.0,england,suffolk,white british,m,31.0,21.0,8.0,y,
53,boardmasters,2012.0,newquay,cornwall,dizzee rascal,2.0,s,2000.0,england,london,black british,m,37.0,27.0,12.0,y,
54,boardmasters,2013.0,newquay,cornwall,ben howard,1.0,s,2008.0,england,devon,white british,m,34.0,25.0,5.0,y,
55,boardmasters,2013.0,newquay,cornwall,Basement Jaxx,1.0,b,1994.0,england,london,white british,m,52.0,43.0,19.0,y,
56,boardmasters,2013.0,newquay,cornwall,the vaccines,1.0,b,2010.0,england,london,,,,,3.0,y,
57,boardmasters,2014.0,newquay,cornwall,bastille,1.0,b,2010.0,england,london,white british,mixed,35.0,27.0,4.0,y,
58,boardmasters,2014.0,newquay,cornwall,snoop dogg,2.0,s,1992.0,United States,california,black american,m,50.0,42.0,22.0,y,
59,boardmasters,2014.0,newquay,cornwall,chase & status,2.0,b,2003.0,england,london,white british,m,,,11.0,y,
60,boardmasters,2015.0,newquay,cornwall,bastille,2.0,b,2010.0,england,london,white british,mixed,35.0,28.0,5.0,y,
61,boardmasters,2015.0,newquay,cornwall,Faithless,1.0,b,1995.0,england,london,black british,mixed,57.0,50.0,20.0,y,
62,boardmasters,2015.0,newquay,cornwall,rudimental,1.0,b,2010.0,england,london,mixed,mixed,,,5.0,y,
63,boardmasters,2016.0,newquay,cornwall,james bay,1.0,s,2013.0,england,hertfordshire,white british,m,28.0,22.0,3.0,y,
64,boardmasters,2016.0,newquay,cornwall,deadmau5,1.0,s,1998.0,canada,ontario,white canadian,m,41.0,35.0,18.0,y,
65,boardmasters,2016.0,newquay,cornwall,chase & status,3.0,b,2003.0,england,london,white british,m,,,13.0,y,
66,boardmasters,2017.0,newquay,cornwall,jamiroquai,1.0,b,1992.0,england,london,white british,m,52.0,47.0,25.0,y,
67,boardmasters,2017.0,newquay,cornwall,two door cinema club,1.0,b,2007.0,northern ireland,county down,white british,m,,,10.0,y,
68,boardmasters,2017.0,newquay,cornwall,alt-J,1.0,b,2007.0,england,leeds,white british,m,,,10.0,y,
69,cornbury festival,2004.0,charlbury,oxfordshire,will young,1.0,s,2001.0,england,wokingham,white british,m,43.0,25.0,3.0,y,
70,cornbury festival,2004.0,charlbury,oxfordshire,jools holland,1.0,b,1974.0,england,london,white british,m,62.0,44.0,30.0,y,
71,cornbury festival,2005.0,charlbury,oxfordshire,elvis costello,1.0,s,1970.0,england,london,white british,m,67.0,50.0,35.0,y,
72,cornbury festival,2005.0,charlbury,oxfordshire,joe cocker,1.0,s,1961.0,england,sheffield,white british,m,,,44.0,y,
73,cornbury festival,2006.0,charlbury,oxfordshire,texas,1.0,b,1986.0,scotland,glasgow,white british,mixed,54.0,38.0,20.0,y,
74,cornbury festival,2006.0,charlbury,oxfordshire,robert plant,1.0,s,1965.0,england,staffordshire,white british,m,73.0,57.0,41.0,y,
75,cornbury festival,2007.0,charlbury,oxfordshire,david gray,1.0,s,1992.0,england,trafford,white british,m,53.0,38.0,15.0,y,
76,cornbury festival,2007.0,charlbury,oxfordshire,blondie,1.0,b,1974.0,United States,new york,white american,mixed,71.0,56.0,33.0,y,
77,cornbury festival,2008.0,charlbury,oxfordshire,crowded house,1.0,b,1985.0,australia,melbourne,white australian,m,63.0,49.0,23.0,y,
78,cornbury festival,2008.0,charlbury,oxfordshire,paul simon,1.0,s,1957.0,United States,new jersey,white american,m,80.0,66.0,51.0,y,
79,cornbury festival,2009.0,charlbury,oxfordshire,sugababes,1.0,b,1998.0,england,london,mixed,f,37.0,24.0,11.0,y,
80,cornbury festival,2009.0,charlbury,oxfordshire,scouting for girls,1.0,b,2005.0,england,london,,m,43.0,30.0,4.0,y,
81,cornbury festival,2010.0,charlbury,oxfordshire,david gray,2.0,s,1992.0,england,trafford,white british,m,53.0,41.0,18.0,y,
82,cornbury festival,2010.0,charlbury,oxfordshire,jackson browne,1.0,s,1966.0,United States,california,white american,m,73.0,61.0,44.0,y,
83,cornbury festival,2011.0,chipping norton,oxfordshire,james blunt,1.0,s,2003.0,england,hampshire,white british,m,48.0,37.0,8.0,y,
84,cornbury festival,2011.0,chipping norton,oxfordshire,status quo,1.0,b,1962.0,england,london,white british,m,70.0,59.0,49.0,y,
85,cornbury festival,2011.0,chipping norton,oxfordshire,the faces,1.0,b,1969.0,england,london,white british,m,73.0,62.0,42.0,y,
86,cornbury festival,2012.0,chipping norton,oxfordshire,james morrison,1.0,s,2006.0,england,warwickshire,white british,m,37.0,27.0,6.0,y,
87,cornbury festival,2012.0,chipping norton,oxfordshire,elvis costello,2.0,s,1970.0,england,london,white british,m,67.0,57.0,42.0,y,
88,cornbury festival,2012.0,chipping norton,oxfordshire,bellowhead,1.0,b,2004.0,,,,mixed,,,8.0,n,
89,cornbury festival,2012.0,chipping norton,oxfordshire,katzenjammer,1.0,b,2005.0,norway,oslo,white european,,,,7.0,y,
90,cornbury festival,2013.0,chipping norton,oxfordshire,keane,1.0,b,1995.0,england,east sussex,white british,m,44.0,35.0,18.0,y,
91,cornbury festival,2013.0,chipping norton,oxfordshire,squeeze,1.0,b,1974.0,england,london,,mixed,,,39.0,y,
92,cornbury festival,2014.0,chipping norton,oxfordshire,jools holland,2.0,b,1974.0,england,london,white british,m,62.0,54.0,40.0,y,
93,cornbury festival,2014.0,chipping norton,oxfordshire,simple minds,1.0,b,1977.0,scotland,glasgow,white british,m,62.0,54.0,37.0,y,
94,cornbury festival,2014.0,chipping norton,oxfordshire,the gypsy kings,1.0,b,1978.0,france,provence,,,,,36.0,y,
95,cornbury festival,2015.0,chipping norton,oxfordshire,roger hodgson,1.0,s,1969.0,england,portsmouth,white british,m,72.0,65.0,46.0,y,
96,cornbury festival,2015.0,chipping norton,oxfordshire,the jacques,1.0,b,2014.0,england,bristol,,m,,,1.0,y,
97,cornbury festival,2015.0,chipping norton,oxfordshire,king b,1.0,s,,,,,,,,,,
98,cornbury festival,2016.0,chipping norton,oxfordshire,jamie cullum,1.0,s,1999.0,england,essex,white british,m,42.0,36.0,17.0,y,
99,cornbury festival,2016.0,chipping norton,oxfordshire,seal,1.0,s,1987.0,england,london,black british,m,59.0,53.0,29.0,y,
100,cornbury festival,2016.0,chipping norton,oxfordshire,bryan ferry,1.0,s,1970.0,england,durham,white british,m,76.0,70.0,46.0,y,
101,cornbury festival,2017.0,chipping norton,oxfordshire,Kaiser Chiefs,1.0,b,2000.0,england,leeds,white british,,46.0,41.0,17.0,y,
102,cornbury festival,2017.0,chipping norton,oxfordshire,Bryan Adams,1.0,s,1975.0,canada,ontario,white canadian,m,62.0,57.0,42.0,y,
103,cornbury festival,2017.0,chipping norton,oxfordshire,the pretenders,1.0,b,1978.0,england,hereford,,mixed,,,39.0,y,
104,download,2003.0,donington park,leicestershire,Iron Maiden,1.0,b,1975.0,england,london,white british,m,66.0,47.0,28.0,y,
105,download,2003.0,donington park,leicestershire,audioslave,1.0,b,2001.0,United States,california,mixed,m,55.0,,,y,
106,download,2004.0,donington park,leicestershire,Linkin Park,1.0,b,1996.0,United States,california,white american,m,44.0,26.0,8.0,y,
107,download,2004.0,donington park,leicestershire,Metallica,1.0,b,1981.0,United States,los angeles,white american,m,58.0,,,y,
108,download,2005.0,donington park,leicestershire,feeder,1.0,b,1992.0,wales,newport,white british,m,54.0,37.0,13.0,y,
109,download,2005.0,donington park,leicestershire,system of a down,1.0,b,1994.0,United States,california,mixed,m,49.0,,,y,
110,download,2005.0,donington park,leicestershire,black sabbath,1.0,b,1968.0,england,birmingham,white british,m,73.0,,,n,
111,download,2006.0,donington park,leicestershire,tool,1.0,b,1990.0,United States,california,white american,m,55.0,39.0,16.0,y,
112,download,2006.0,donington park,leicestershire,Metallica,2.0,b,1981.0,United States,los angeles,white american,m,58.0,42.0,25.0,y,
113,download,2006.0,donington park,leicestershire,Guns n Roses,1.0,b,1985.0,United States,california,mixed,,58.0,42.0,21.0,y,
114,download,2007.0,donington park,leicestershire,My Chemical Romance,1.0,b,2001.0,United States,new jersey,mixed,m,42.0,27.0,6.0,y,
115,download,2007.0,donington park,leicestershire,Linkin Park,2.0,b,1996.0,United States,california,white american,m,44.0,29.0,11.0,y,
116,download,2007.0,donington park,leicestershire,Iron Maiden,2.0,b,1975.0,england,london,white british,m,66.0,51.0,32.0,y,
117,download,2008.0,donington park,leicestershire,Lostprophets,1.0,b,1997.0,wales,pontypridd,white british,m,45.0,31.0,11.0,n,
118,download,2008.0,donington park,leicestershire,The Offspring,1.0,b,1984.0,United States,california,white american,m,55.0,41.0,24.0,y,
119,download,2008.0,donington park,leicestershire,KISS,1.0,b,1973.0,United States,new york,white american,m,67.0,53.0,35.0,y,
120,download,2009.0,donington park,leicestershire,Slipknot,1.0,b,1995.0,United States,iowa,,m,49.0,36.0,14.0,y,
121,download,2009.0,donington park,leicestershire,Faith no More,1.0,b,1979.0,United States,california,white american,m,57.0,44.0,30.0,y,
122,download,2009.0,donington park,leicestershire,Def Leppard,1.0,b,1977.0,england,sheffield,white british,m,61.0,48.0,32.0,y,
123,download,2010.0,donington park,leicestershire,Rage Against the Machine,1.0,b,1991.0,United States,los angeles,mixed,m,54.0,42.0,19.0,n,
124,download,2010.0,donington park,leicestershire,AC/DC,1.0,b,1973.0,australia,sydney,white australian,m,69.0,57.0,37.0,y,
125,download,2010.0,donington park,leicestershire,Aerosmith,1.0,b,1970.0,United States,boston,white american,m,71.0,59.0,40.0,y,
126,download,2011.0,donington park,leicestershire,Linkin Park,3.0,b,1996.0,United States,california,white american,m,44.0,33.0,15.0,y,
127,download,2011.0,donington park,leicestershire,system of a down,2.0,b,1994.0,United States,california,mixed,m,49.0,38.0,17.0,y,
128,download,2011.0,donington park,leicestershire,Def Leppard,2.0,b,1977.0,england,sheffield,white british,m,61.0,50.0,34.0,y,
129,download,2012.0,donington park,leicestershire,The Prodigy,2.0,b,1990.0,england,essex,mixed,m,52.0,42.0,22.0,y,
130,download,2012.0,donington park,leicestershire,Metallica,3.0,b,1981.0,United States,los angeles,white american,m,58.0,48.0,31.0,y,
131,download,2012.0,donington park,leicestershire,black sabbath,2.0,b,1968.0,england,birmingham,white british,m,73.0,63.0,44.0,n,
132,download,2013.0,donington park,leicestershire,Slipknot,2.0,b,1995.0,United States,iowa,,m,49.0,40.0,18.0,y,
133,download,2013.0,donington park,leicestershire,rammstein,1.0,b,1994.0,germany,berlin,white european,,54.0,45.0,19.0,y,
134,download,2013.0,donington park,leicestershire,Iron Maiden,3.0,b,1975.0,england,london,white british,m,66.0,57.0,38.0,n,
135,download,2014.0,donington park,leicestershire,Avenged sevenfold,1.0,b,1999.0,united states,california,white american,m,40.0,32.0,15.0,y,
136,download,2014.0,donington park,leicestershire,Linkin Park,4.0,b,1996.0,United States,california,white american,m,44.0,36.0,18.0,y,
137,download,2014.0,donington park,leicestershire,Aerosmith,2.0,b,1970.0,United States,boston,white american,m,71.0,63.0,44.0,y,
138,download,2015.0,donington park,leicestershire,Muse,1.0,b,1994.0,england,teignmouth,white british,,43.0,36.0,21.0,y,
139,download,2015.0,donington park,leicestershire,Slipknot,3.0,b,1995.0,United States,iowa,,m,49.0,42.0,20.0,y,
140,download,2015.0,donington park,leicestershire,KISS,2.0,b,1973.0,United States,new york,white american,m,67.0,60.0,42.0,y,
141,download,2016.0,donington park,leicestershire,rammstein,2.0,b,1994.0,germany,berlin,white european,,54.0,48.0,22.0,y,
142,download,2016.0,donington park,leicestershire,Iron Maiden,4.0,b,1975.0,england,london,white british,m,66.0,60.0,41.0,n,
143,download,2016.0,donington park,leicestershire,black sabbath,3.0,b,1968.0,england,birmingham,white british,m,73.0,67.0,48.0,n,
144,download,2017.0,donington park,leicestershire,Biffy Clyro,1.0,b,1995.0,scotland,east ayrshire,white british,m,41.0,36.0,22.0,y,
145,download,2017.0,donington park,leicestershire,system of a down,3.0,b,1994.0,United States,california,mixed,m,49.0,44.0,23.0,y,
146,download,2017.0,donington park,leicestershire,Aerosmith,3.0,b,1970.0,United States,boston,white american,m,71.0,66.0,47.0,y,
147,end of the road festival,2006.0,blandford,dorset,josh ritter,1.0,s,1997.0,United States,idaho,white american,m,45.0,29.0,9.0,y,
148,end of the road festival,2006.0,blandford,dorset,badly drawn boy,1.0,s,1995.0,england,bedfordshire,white british,m,52.0,36.0,11.0,y,
149,end of the road festival,2006.0,blandford,dorset,lambchop,1.0,b,1986.0,United States,tennessee,white american,m,63.0,47.0,20.0,y,
150,end of the road festival,2007.0,blandford,dorset,ryan adams,1.0,b,1991.0,United States,north carolina,white american,m,47.0,32.0,16.0,y,
151,end of the road festival,2007.0,blandford,dorset,super furry animals,2.0,b,1993.0,wales,cardiff,white british,m,50.0,35.0,14.0,y,
152,end of the road festival,2007.0,blandford,dorset,yo la tengo,1.0,b,1984.0,United States,new jersey,white american,mixed,65.0,50.0,23.0,y,
153,end of the road festival,2008.0,blandford,dorset,conor oberst,1.0,s,1993.0,United States,nebraska,white american,m,42.0,28.0,15.0,y,
154,end of the road festival,2008.0,blandford,dorset,mercury rev,1.0,b,1989.0,United States,new york,white american,m,55.0,41.0,19.0,y,
155,end of the road festival,2008.0,blandford,dorset,calexico,1.0,b,1996.0,United States,arizona,white american,,,,12.0,y,
156,end of the road festival,2009.0,blandford,dorset,Fleet Foxes,1.0,b,2006.0,United States,seattle,white american,m,40.0,27.0,3.0,y,
157,end of the road festival,2009.0,blandford,dorset,steve earle,1.0,s,1974.0,United States,virginia,white american,m,67.0,54.0,35.0,y,
158,end of the road festival,2009.0,blandford,dorset,explosions in the sky,1.0,b,1999.0,United States,texas,white american,m,,,10.0,y,
159,end of the road festival,2010.0,blandford,dorset,wilco,1.0,b,1994.0,United States,chicago,white american,m,53.0,41.0,16.0,y,
160,end of the road festival,2010.0,blandford,dorset,yo la tengo,2.0,b,1984.0,United States,new jersey,white american,mixed,65.0,53.0,26.0,y,
161,end of the road festival,2010.0,blandford,dorset,modest mouse,1.0,b,1992.0,United States,washington state,,,,,18.0,y,
162,end of the road festival,2011.0,blandford,dorset,beirut,1.0,s,2006.0,United States,new mexico,white american,,36.0,25.0,5.0,y,
163,end of the road festival,2011.0,blandford,dorset,joanna newsom,1.0,s,,United States,california,white american,f,40.0,29.0,,y,
164,end of the road festival,2011.0,blandford,dorset,Mogwai,1.0,b,1995.0,scotland,glasgow,white british,m,45.0,34.0,16.0,y,
165,end of the road festival,2012.0,blandford,dorset,grizzly bear,1.0,b,2002.0,United States,new york,white american,m,40.0,30.0,10.0,y,
166,end of the road festival,2012.0,blandford,dorset,beach house,1.0,b,2004.0,United States,maryland,white american,mixed,40.0,30.0,8.0,y,
167,end of the road festival,2012.0,blandford,dorset,grandaddy,1.0,b,1992.0,united states,california,white american,m,,,20.0,y,
168,end of the road festival,2013.0,blandford,dorset,Sigur Ros,1.0,b,1994.0,iceland,reykjavik,white european,m,45.0,36.0,19.0,y,
169,end of the road festival,2013.0,blandford,dorset,Belle and Sebastian,1.0,b,1996.0,scotland,glasgow,white british,mixed,53.0,44.0,17.0,y,
170,end of the road festival,2013.0,blandford,dorset,david byrne & st vincent,1.0,b,,,,,mixed,54.0,45.0,,y,
171,end of the road festival,2014.0,blandford,dorset,st vincent,1.0,s,2003.0,United States,oklahoma,white american,f,39.0,31.0,11.0,y,
172,end of the road festival,2014.0,blandford,dorset,the flaming lips,2.0,b,2005.0,United States,pennsylvania,,m,43.0,35.0,9.0,y,
173,end of the road festival,2014.0,blandford,dorset,wild beasts,1.0,b,2002.0,england,kendal,white british,m,,,12.0,y,
174,end of the road festival,2015.0,blandford,dorset,tame impala,1.0,b,2007.0,australia,perth,white australian,m,33.0,26.0,8.0,y,
175,end of the road festival,2015.0,blandford,dorset,the war on drugs,1.0,b,2005.0,United States,pennsylvania,,m,43.0,36.0,10.0,Y,
176,end of the road festival,2015.0,blandford,dorset,sufjan stevens,1.0,s,1999.0,United States,michigan,white american,m,46.0,39.0,16.0,y,
177,end of the road festival,2016.0,blandford,dorset,joanna newsom,2.0,s,,United States,california,white american,f,40.0,34.0,,y,
178,end of the road festival,2016.0,blandford,dorset,bat for lashes,1.0,s,2006.0,england,london,british asian,f,42.0,36.0,10.0,y,
179,end of the road festival,2016.0,blandford,dorset,animal collective,1.0,b,2000.0,United States,maryland,white american,m,43.0,37.0,16.0,y,
180,end of the road festival,2017.0,blandford,dorset,father john misty,1.0,s,2004.0,United States,maryland,white american,m,40.0,35.0,13.0,y,
181,end of the road festival,2017.0,blandford,dorset,lucinda williams,1.0,s,1978.0,United States,lousiana,white american,f,69.0,64.0,39.0,y,
182,end of the road festival,2017.0,blandford,dorset,mac Demarco,1.0,s,2008.0,canada,british columbia,white canadian,m,,,9.0,y,
183,Glastonbury,1970.0,pilton,somerset,T-rex,1.0,b,1967.0,england,london,white british,m,,22.0,3.0,n,
184,Glastonbury,1971.0,pilton,somerset,David Bowie,1.0,s,1962.0,england,london,white british,m,,24.0,9.0,n,y
185,Glastonbury,1979.0,pilton,somerset,peter gabriel,1.0,s,1967.0,england,surrey,white british,m,72.0,29.0,,y,y
186,Glastonbury,1979.0,pilton,somerset,tim blake,1.0,s,1970.0,england,london,white british,m,70.0,,9.0,y,
187,Glastonbury,1981.0,pilton,somerset,New Order,2.0,b,1980.0,england,manchester,white british,m,64.0,23.0,1.0,y,
188,Glastonbury,1981.0,pilton,somerset,hawkwind,1.0,b,1969.0,england,london,white british,m,,,12.0,y,
189,Glastonbury,1982.0,pilton,somerset,jackson browne,2.0,s,1966.0,United States,california,white american,m,73.0,33.0,16.0,y,y
190,Glastonbury,1982.0,pilton,somerset,van morrison,1.0,s,1958.0,northern ireland,belfast,white british,m,76.0,36.0,24.0,y,y
191,Glastonbury,1983.0,pilton,somerset,ub40,1.0,b,1978.0,england,birmingham,mixed,m,63.0,24.0,5.0,y,
192,Glastonbury,1983.0,pilton,somerset,curtis mayfield,1.0,s,1956.0,United States,chicago,black american,m,,41.0,27.0,n,y
193,Glastonbury,1984.0,pilton,somerset,the smiths,1.0,b,1982.0,england,manchester,white british,m,59.0,22.0,2.0,n,
194,Glastonbury,1984.0,pilton,somerset,weather report,1.0,b,1970.0,United States,new york,mixed,mixed,,,,n,
195,Glastonbury,1984.0,pilton,somerset,black uhuru,1.0,b,1972.0,jamaica,kingston,black american,mixed,,,,y,
196,Glastonbury,1985.0,pilton,somerset,echo and the bunnymen,1.0,b,1978.0,england,liverpool,white british,m,63.0,26.0,7.0,y,
197,Glastonbury,1985.0,pilton,somerset,the boomtown rats,1.0,b,1975.0,ireland,county dublin,white irish,m,68.0,31.0,10.0,y,
198,Glastonbury,1985.0,pilton,somerset,joe cocker,2.0,s,1961.0,england,sheffield,white british,m,,41.0,24.0,n,
199,Glastonbury,1986.0,pilton,somerset,The Cure,3.0,b,1976.0,england,crawley,white british,m,62.0,26.0,10.0,y,
200,Glastonbury,1986.0,pilton,somerset,level 42,1.0,b,1980.0,england,isle of wight,white british,m,63.0,27.0,6.0,y,
201,Glastonbury,1986.0,pilton,somerset,psychedelic furs,1.0,b,1977.0,england,london,,,64.0,28.0,9.0,y,
202,Glastonbury,1987.0,pilton,somerset,the communards,1.0,b,1985.0,scotland,glasgow,white british,m,60.0,25.0,2.0,n,
203,Glastonbury,1987.0,pilton,somerset,elvis costello,3.0,s,1970.0,england,london,white british,m,67.0,32.0,17.0,y,
204,Glastonbury,1987.0,pilton,somerset,van morrison,2.0,s,1958.0,northern ireland,belfast,white british,m,76.0,41.0,29.0,y,
205,Glastonbury,1989.0,pilton,somerset,suzanne vega,1.0,s,1982.0,United States,new york,white american,f,62.0,29.0,7.0,y,
206,Glastonbury,1989.0,pilton,somerset,elvis costello,4.0,s,1970.0,england,london,white british,m,67.0,34.0,19.0,y,y
207,Glastonbury,1989.0,pilton,somerset,van morrison,3.0,s,1958.0,northern ireland,belfast,white british,m,76.0,43.0,31.0,y,y
208,Glastonbury,1990.0,pilton,somerset,sinead o'connor,1.0,s,1986.0,ireland,county dublin,white irish,f,55.0,23.0,4.0,y,
209,Glastonbury,1990.0,pilton,somerset,happy mondays,1.0,b,1980.0,england,manchester,white british,m,58.0,26.0,10.0,y,
210,Glastonbury,1990.0,pilton,somerset,The Cure,4.0,b,1976.0,england,crawley,white british,m,62.0,30.0,14.0,y,
211,Glastonbury,1992.0,pilton,somerset,youssou n'dour,1.0,s,1979.0,senegal,dakar,black african,m,62.0,32.0,13.0,y,
212,Glastonbury,1992.0,pilton,somerset,carter usm,1.0,b,1987.0,england,london,white british,m,62.0,32.0,5.0,n,
213,Glastonbury,1992.0,pilton,somerset,shakespear's sister,1.0,b,1988.0,england,london,mixed,f,66.0,37.0,4.0,y,
214,Glastonbury,1993.0,pilton,somerset,lenny kravitz,1.0,s,1988.0,United States,new york,black american,m,57.0,28.0,5.0,y,
215,Glastonbury,1993.0,pilton,somerset,christy moore,1.0,s,1969.0,ireland,county kildare,white irish,m,76.0,47.0,24.0,y,
216,Glastonbury,1993.0,pilton,somerset,the black crowes,1.0,b,1989.0,United States,georgia,,m,,,4.0,n,
217,Glastonbury,1994.0,pilton,somerset,elvis costello,5.0,s,1970.0,england,london,white british,m,67.0,39.0,24.0,y,y
218,Glastonbury,1994.0,pilton,somerset,peter gabriel,2.0,s,1967.0,england,surrey,white british,m,72.0,45.0,27.0,y,y
219,Glastonbury,1994.0,pilton,somerset,the levellers,1.0,b,1988.0,england,brighton,white british,m,,,6.0,y,
220,Glastonbury,1995.0,pilton,somerset,Oasis,1.0,b,1991.0,england,manchester,white british,m,52.0,27.0,5.0,y,
221,Glastonbury,1995.0,pilton,somerset,Pulp,1.0,b,1978.0,england,sheffield,white british,mixed,57.0,30.0,17.0,n,
222,Glastonbury,1995.0,pilton,somerset,The Cure,5.0,b,1976.0,england,crawley,white british,m,62.0,35.0,19.0,y,
223,Glastonbury,1997.0,pilton,somerset,Ash,2.0,b,1992.0,northern ireland,downpatrick,white british,m,45.0,20.0,5.0,Y,
224,Glastonbury,1997.0,pilton,somerset,Radiohead,1.0,b,1985.0,england,oxfordshire,white british,m,52.0,27.0,12.0,Y,
225,Glastonbury,1997.0,pilton,somerset,The Prodigy,3.0,b,1990.0,england,essex,mixed,m,52.0,27.0,7.0,Y,
226,Glastonbury,1998.0,pilton,somerset,Blur,1.0,b,1988.0,england,london,white british,m,53.0,29.0,10.0,Y,
227,Glastonbury,1998.0,pilton,somerset,Pulp,2.0,b,1978.0,england,sheffield,white british,mixed,57.0,33.0,20.0,N,
228,Glastonbury,1998.0,pilton,somerset,Primal Scream,2.0,b,1982.0,scotland,glasgow,white british,m,57.0,33.0,16.0,Y,
229,Glastonbury,1999.0,pilton,somerset,Manic Street Preachers,1.0,b,1986.0,wales,caerphilly,white british,m,53.0,30.0,13.0,Y,
230,Glastonbury,1999.0,pilton,somerset,Skunk Anansie,1.0,b,1994.0,england,london,mixed,f,54.0,31.0,5.0,Y,
231,Glastonbury,1999.0,pilton,somerset,REM,1.0,b,1980.0,United States,georgia,white american,m,63.0,40.0,19.0,N,n
232,Glastonbury,2000.0,pilton,somerset,Travis,1.0,b,1990.0,scotland,glasgow,white british,m,50.0,28.0,10.0,Y,
233,Glastonbury,2000.0,pilton,somerset,Chemical Brothers,3.0,b,1989.0,england,manchester,white british,m,52.0,30.0,11.0,Y,
234,Glastonbury,2000.0,pilton,somerset,David Bowie,2.0,s,1962.0,england,london,white british,m,,53.0,38.0,N,n
235,Glastonbury,2002.0,pilton,somerset,Stereophonics,1.0,b,1992.0,wales,mid glamorgan,white british,m,47.0,27.0,10.0,Y,
236,Glastonbury,2002.0,pilton,somerset,Coldplay,1.0,b,1996.0,england,london,white british,m,44.0,27.0,9.0,Y,
237,Glastonbury,2002.0,pilton,somerset,Rod Stewart,1.0,s,1961.0,england,london,white british,m,77.0,55.0,56.0,Y,y
238,Glastonbury,2003.0,pilton,somerset,Radiohead,2.0,b,1985.0,england,oxfordshire,white british,m,52.0,33.0,18.0,Y,
239,Glastonbury,2003.0,pilton,somerset,Moby,1.0,s,1978.0,United States,new york,white american,m,56.0,34.0,25.0,Y,
240,Glastonbury,2003.0,pilton,somerset,REM,2.0,b,1980.0,United States,georgia,white american,m,63.0,44.0,23.0,N,y
241,Glastonbury,2004.0,pilton,somerset,Muse,2.0,b,1994.0,england,teignmouth,white british,m,43.0,25.0,10.0,Y,
242,Glastonbury,2004.0,pilton,somerset,Oasis,2.0,b,1991.0,england,manchester,white british,m,52.0,34.0,13.0,N,
243,Glastonbury,2004.0,pilton,somerset,Paul McCartney,1.0,s,1957.0,england,liverpool,white british,m,79.0,61.0,47.0,Y,y
244,Glastonbury,2005.0,pilton,somerset,Coldplay,2.0,b,1996.0,england,london,white british,m,44.0,27.0,9.0,Y,
245,Glastonbury,2005.0,pilton,somerset,The White Stripes,1.0,b,1997.0,United States,detroit,white american,mixed,47.0,30.0,8.0,N,
246,Glastonbury,2005.0,pilton,somerset,Basement Jaxx,2.0,b,1994.0,england,london,white british,m,52.0,35.0,11.0,Y,
247,Glastonbury,2007.0,pilton,somerset,Arctic Monkeys,1.0,b,2002.0,england,sheffield,white british,m,36.0,21.0,5.0,Y,
248,Glastonbury,2007.0,pilton,somerset,The Killers,1.0,b,2001.0,United States,las vegas,white american,m,44.0,29.0,6.0,Y,
249,Glastonbury,2007.0,pilton,somerset,The Who,1.0,b,1964.0,england,london,white british,m,77.0,62.0,43.0,Y,y
250,Glastonbury,2008.0,pilton,somerset,Kings of Leon,1.0,b,1999.0,United States,tennessee,white american,m,39.0,25.0,18.0,Y,
251,Glastonbury,2008.0,pilton,somerset,The Verve,1.0,b,1990.0,england,wigan,white british,m,50.0,36.0,18.0,N,
252,Glastonbury,2008.0,pilton,somerset,Jaz-Z,1.0,s,1986.0,United States,new york,black american,m,52.0,38.0,22.0,Y,
253,Glastonbury,2009.0,pilton,somerset,Blur,2.0,b,1988.0,england,london,white british,m,53.0,40.0,21.0,Y,
254,Glastonbury,2009.0,pilton,somerset,Bruce Springsteen,1.0,s,1964.0,United States,new jersey,white american,m,72.0,59.0,46.0,Y,y
255,Glastonbury,2009.0,pilton,somerset,Neil Young,1.0,s,1960.0,canada,toronto,white canadian,m,76.0,63.0,49.0,Y,y
256,Glastonbury,2010.0,pilton,somerset,Muse,3.0,b,1994.0,england,teignmouth,white british,m,43.0,31.0,16.0,Y,
257,Glastonbury,2010.0,pilton,somerset,Gorillaz,1.0,b,1998.0,england,essex,mixed,m,53.0,41.0,12.0,Y,
258,Glastonbury,2010.0,pilton,somerset,Stevie Wonder,2.0,s,1961.0,United States,michigan,african american,m,71.0,59.0,39.0,Y,y
259,Glastonbury,2011.0,pilton,somerset,Beyonce,1.0,s,1997.0,United States,houston,african american,f,40.0,29.0,14.0,Y,
260,Glastonbury,2011.0,pilton,somerset,Coldplay,3.0,b,1996.0,england,london,white british,m,44.0,33.0,5.0,Y,
261,Glastonbury,2011.0,pilton,somerset,U2,1.0,b,1976.0,ireland,dublin,white irish,m,61.0,50.0,35.0,Y,y
262,Glastonbury,2013.0,pilton,somerset,Mumford & Sons,1.0,b,2007.0,england,london,white british,m,35.0,26.0,5.0,Y,
263,Glastonbury,2013.0,pilton,somerset,Arctic Monkeys,2.0,b,2002.0,england,sheffield,white british,m,36.0,27.0,11.0,Y,
264,Glastonbury,2013.0,pilton,somerset,The Rolling Stones,1.0,b,1962.0,england,dartford,white british,m,77.0,68.0,51.0,Y,y
265,Glastonbury,2014.0,pilton,somerset,Arcade Fire,1.0,b,2001.0,canada,montreal,white canadian,mixed,42.0,34.0,14.0,Y,
266,Glastonbury,2014.0,pilton,somerset,Kasabian,1.0,b,1997.0,england,leicester,white british,m,43.0,35.0,17.0,Y,
267,Glastonbury,2014.0,pilton,somerset,Metallica,4.0,b,1981.0,United States,los angeles,white american,m,58.0,50.0,26.0,Y,y
268,Glastonbury,2015.0,pilton,somerset,Florence & the Machine,2.0,b,2007.0,england,london,white british,f,35.0,28.0,10.0,Y,
269,Glastonbury,2015.0,pilton,somerset,Kanye West,1.0,s ,1996.0,United States,chicago,african american,m,44.0,38.0,19.0,Y,
270,Glastonbury,2015.0,pilton,somerset,The Who,2.0,b,1964.0,england,london,white british,m,77.0,71.0,51.0,Y,y
271,Glastonbury,2016.0,pilton,somerset,Adele,1.0,s,2006.0,england,london,white british,f,33.0,27.0,10.0,Y,
272,Glastonbury,2016.0,pilton,somerset,Muse,4.0,b,1994.0,england,teignmouth,white british,,43.0,37.0,23.0,Y,
273,Glastonbury,2016.0,pilton,somerset,Coldplay,4.0,b,1996.0,england,london,white british,m,44.0,38.0,20.0,Y,
274,Glastonbury,2017.0,pilton,somerset,Radiohead,3.0,b,1985.0,england,oxfordshire,white british,m,52.0,47.0,32.0,Y,
275,Glastonbury,2017.0,pilton,somerset,Foo Fighters,1.0,b,1994.0,United States,seattle,white american,m,52.0,47.0,,Y,
276,Isle of Wight,2002.0,seaclose park,newport,The Charlatans,1.0,b,1989.0,england,manchester,white british,m,55.0,50.0,13.0,Y,
277,Isle of Wight,2003.0,seaclose park,newport,Bryan Adams,2.0,s,1975.0,canada,ontario,white canadian,m,62.0,42.0,28.0,Y,
278,Isle of Wight,2003.0,seaclose park,newport,Paul Weller,1.0,s,1972.0,england,surrey,white british,m,63.0,44.0,31.0,Y,
279,Isle of Wight,2004.0,seaclose park,newport,Stereophonics,2.0,b,1992.0,wales,mid glamorgan,white british,m,47.0,29.0,12.0,Y,
280,Isle of Wight,2004.0,seaclose park,newport,The Who,3.0,b,1964.0,england,london,white british,m,77.0,59.0,40.0,Y,
281,Isle of Wight,2004.0,seaclose park,newport,David Bowie,3.0,s,1962.0,england,london,white british,m,,,42.0,N,
282,Isle of Wight,2005.0,seaclose park,newport,Travis,2.0,b,1990.0,scotland,glasgow,white british,m,50.0,33.0,15.0,Y,
283,Isle of Wight,2005.0,seaclose park,newport,Faithless,2.0,b,1995.0,england,london,black british,mixed,57.0,40.0,10.0,Y,
284,Isle of Wight,2005.0,seaclose park,newport,REM,3.0,b,1980.0,United States,georgia,white american,m,63.0,45.0,25.0,N,
285,Isle of Wight,2006.0,seaclose park,newport,Coldplay,5.0,b,1996.0,england,london,white british,m,44.0,27.0,10.0,Y,
286,Isle of Wight,2006.0,seaclose park,newport,The Prodigy,4.0,b,1990.0,england,essex,mixed,m,52.0,36.0,16.0,Y,
287,Isle of Wight,2006.0,seaclose park,newport,Foo Fighters,2.0,b,1994.0,United States,seattle,white american,m,52.0,36.0,12.0,Y,
288,Isle of Wight,2007.0,seaclose park,newport,Muse,5.0,b,1994.0,england,teignmouth,white british,m ,43.0,28.0,13.0,Y,
289,Isle of Wight,2007.0,seaclose park,newport,Snow Patrol,1.0,b,1993.0,scotland,dundee,white british,m,45.0,30.0,14.0,Y,
290,Isle of Wight,2007.0,seaclose park,newport,The Rolling Stones,2.0,b,1962.0,england,dartford,white british,m,77.0,61.0,45.0,Y,
291,Isle of Wight,2008.0,seaclose park,newport,Kaiser Chiefs,2.0,b,2000.0,england,leeds,white british,,46.0,32.0,8.0,Y,
292,Isle of Wight,2008.0,seaclose park,newport,The Sex Pistols,1.0,b,1975.0,england,london,white british,m,66.0,52.0,33.0,N,
293,Isle of Wight,2008.0,seaclose park,newport,The Police,1.0,b,1977.0,england,london,white british,m,72.0,57.0,31.0,n,
294,Isle of Wight,2009.0,seaclose park,newport,Stereophonics,3.0,b,1992.0,wales,mid glamorgan,white british,m,47.0,34.0,17.0,Y,
295,Isle of Wight,2009.0,seaclose park,newport,The Prodigy,5.0,b,1990.0,england,essex,mixed,m,52.0,39.0,19.0,Y,
296,Isle of Wight,2009.0,seaclose park,newport,Neil Young,2.0,s,1960.0,canada,toronto,white canadian,m,76.0,62.0,49.0,Y,
297,Isle of Wight,2010.0,seaclose park,newport,The Strokes,1.0,b,1998.0,United States,new york,white american,m,42.0,30.0,12.0,Y,
298,Isle of Wight,2010.0,seaclose park,newport,jay-z,1.0,s,1986.0,United States,new york,black american,m,52.0,40.0,24.0,,
299,Isle of Wight,2010.0,seaclose park,newport,Paul McCartney,2.0,s,1957.0,england,liverpool,white british,m,79.0,66.0,53.0,y,
300,Isle of Wight,2011.0,seaclose park,newport,Kings of Leon,2.0,b,1999.0,United States,tennessee,white american,m,39.0,28.0,12.0,Y,
301,Isle of Wight,2011.0,seaclose park,newport,Kasabian,2.0,b,1997.0,england,leicester,white british,m,43.0,31.0,14.0,Y,
302,Isle of Wight,2011.0,seaclose park,newport,Foo Fighters,3.0,b,1994.0,United States,seattle,white american,m,52.0,41.0,17.0,Y,
303,Isle of Wight,2012.0,seaclose park,newport,Pearl Jam,1.0,b,1990.0,United States,seattle,white american,m ,57.0,47.0,22.0,Y,
304,Isle of Wight,2012.0,seaclose park,newport,Bruce Springsteen,2.0,s,1964.0,United States,new jersey,white american,m,72.0,61.0,48.0,Y,
305,Isle of Wight,2012.0,seaclose park,newport,Tom Petty and the Heartbreakers,1.0,b,1976.0,United States,florida,white american,,71.0,61.0,36.0,Y,
306,Isle of Wight,2013.0,seaclose park,newport,The Killers,2.0,b,2001.0,United States,las vegas,white american,m,44.0,35.0,12.0,Y,
307,Isle of Wight,2013.0,seaclose park,newport,The Stone Roses,1.0,b,1983.0,england,manchester,white british,m,58.0,49.0,30.0,,
308,Isle of Wight,2013.0,seaclose park,newport,Bon Jovi,1.0,b,1983.0,United States,new jersey,whie american,m,60.0,50.0,30.0,Y,
309,Isle of Wight,2014.0,seaclose park,newport,Calvin Harris,2.0,s,2002.0,scotland,dumfries,white british,m,38.0,30.0,12.0,Y,
310,Isle of Wight,2014.0,seaclose park,newport,Kings of Leon,3.0,b,1999.0,United States,tennessee,white american,m,39.0,31.0,15.0,Y,
311,Isle of Wight,2014.0,seaclose park,newport,Red Hot Chili Peppers,1.0,b,1983.0,United States,los angeles,white american,m,59.0,51.0,31.0,Y,
312,Isle of Wight,2014.0,seaclose park,newport,Boy George,1.0,s,1979.0,england,london,white british,m,60.0,52.0,35.0,Y,
313,Isle of Wight,2014.0,seaclose park,newport,Billy Idol,1.0,s,1976.0,england,london,white british,m,66.0,57.0,38.0,Y,
314,Isle of Wight,2015.0,seaclose park,newport,The Prodigy,6.0,b,1990.0,england,essex,mixed,m,52.0,45.0,25.0,Y,
315,Isle of Wight,2015.0,seaclose park,newport,Blur,3.0,b,1988.0,england,london,white british,m,53.0,46.0,27.0,Y,
316,Isle of Wight,2015.0,seaclose park,newport,Fleetwood Mac,1.0,b,1967.0,england,london,white british,mixed,76.0,68.0,48.0,Y,
317,Isle of Wight,2016.0,seaclose park,newport,Stereophonics,4.0,b,1992.0,wales,mid glamorgan,white british,m,47.0,41.0,24.0,Y,
318,Isle of Wight,2016.0,seaclose park,newport,Faithless,3.0,b,1995.0,england,london,black british,mixed,57.0,51.0,21.0,Y,
319,Isle of Wight,2016.0,seaclose park,newport,Queen with Adam Lambert,1.0,b,1970.0,england,london,white british,m,73.0,66.0,46.0,Y,
320,Isle of Wight,2016.0,seaclose park,newport,The Who,4.0,b,1964.0,england,london,white british,m,77.0,71.0,52.0,Y,
321,Isle of Wight,2017.0,seaclose park,newport,Arcade Fire,2.0,b,2001.0,canada,montreal,white canadian,mixed,42.0,37.0,16.0,Y,
322,Isle of Wight,2017.0,seaclose park,newport,David Guetta,1.0,s,1984.0,france,paris,white european,m,54.0,49.0,33.0,Y,
323,Isle of Wight,2017.0,seaclose park,newport,Run DMC,1.0,b,1981.0,United States,new york,black american,m,57.0,52.0,36.0,,
324,Isle of Wight,2017.0,seaclose park,newport,Rod Stewart,2.0,s,1961.0,england,london,white british,m,77.0,71.0,56.0,Y,
325,Latitude,2006.0,,,Snow Patrol,2.0,b,1993.0,scotland,dundee,white british,m,45.0,29.0,13.0,Y,
326,Latitude,2006.0,,,Mogwai,2.0,b,1995.0,scotland,glasgow,white british,m,45.0,29.0,11.0,Y,
327,Latitude,2006.0,,,Antony and the Johnsons,1.0,s,1995.0,United States,new york,white british,f,50.0,34.0,11.0,Y,
328,Latitude,2007.0,,,Arcade Fire,3.0,b,2001.0,canada,montreal,white canadian,mixed,42.0,27.0,6.0,Y,
329,Latitude,2007.0,,,Damien Rice,1.0,s,1991.0,ireland,kildare,white irish,m,48.0,33.0,16.0,Y,
330,Latitude,2007.0,,,"The Good, The Bad and The Queen",1.0,b,2007.0,england,london,mixed,m,63.0,48.0,1.0,N,
331,Latitude,2008.0,,,Sigur Ros,2.0,b,1994.0,iceland,reykjavik,white european,m,45.0,31.0,14.0,Y,
332,Latitude,2008.0,,,Franz Ferdinand,1.0,b,2002.0,scotland,glasgow,white british,m,45.0,31.0,6.0,Y,
333,Latitude,2008.0,,,Interpol,1.0,b,1997.0,United States,new york,mixed,m,48.0,34.0,11.0,Y,
334,Latitude,2009.0,,,Nick Cave and the Bad Seeds,1.0,b,1983.0,australia,melbourne,white other,m,64.0,51.0,36.0,Y,
335,Latitude,2009.0,,,Pet Shop Boys,2.0,b,1981.0,england,london,white british,m,65.0,52.0,28.0,Y,
336,Latitude,2009.0,,,Grace Jones,1.0,s,1973.0,United States,new york,black american,f,73.0,60.0,36.0,Y,
337,Latitude,2010.0,,,Florence & the Machine,3.0,b,2007.0,england,london,white british,f,35.0,23.0,3.0,Y,
338,Latitude,2010.0,,,Vampire Weekend,1.0,b,2006.0,United States,new york,white american,m,37.0,25.0,4.0,Y,
339,Latitude,2010.0,,,Belle and Sebastian,2.0,b,1996.0,scotland,glasgow,white british,mixed,53.0,41.0,14.0,Y,
340,Latitude,2011.0,,,Paolo Nutini,1.0,s,2005.0,scotland,paisley,white british,m,35.0,24.0,6.0,Y,
341,Latitude,2011.0,,,The National,1.0,b,1999.0,United States,ohio,white american,,47.0,36.0,12.0,Y,
342,Latitude,2011.0,,,Suede,1.0,b,1989.0,england,london,white british,m,50.0,39.0,22.0,Y,
343,Latitude,2012.0,,,Bon Iver,1.0,s,2007.0,United States,wisconsin,white american,m,40.0,30.0,5.0,Y,
344,Latitude,2012.0,,,Elbow,2.0,b,1997.0,england,bury,white british,m,48.0,38.0,15.0,Y,
345,Latitude,2012.0,,,Paul Weller,2.0,s,1972.0,england,surrey,white british,m,63.0,53.0,45.0,Y,
346,Latitude,2013.0,,,Foals,2.0,b,2005.0,england,oxfordshire,mixed,m,35.0,25.0,8.0,Y,
347,Latitude,2013.0,,,Bloc Party,1.0,b,1999.0,england,london,mixed,m,40.0,30.0,14.0,Y,
348,Latitude,2013.0,,,Kraftwerk,2.0,b,1969.0,germany,dusseldorf,white european,m,69.0,59.0,45.0,Y,
349,Latitude,2014.0,,,Lily Allen,1.0,s,2002.0,england,london,white british,f,36.0,28.0,12.0,Y,
350,Latitude,2014.0,,,The Black Keys,1.0,b,2001.0,United States,ohio,white american,m,42.0,34.0,13.0,Y,
351,Latitude,2014.0,,,Damon Albarn,1.0,s,1988.0,england,essex,white british,m,54.0,45.0,26.0,Y,
352,Latitude,2015.0,,,Portishead,1.0,b,1991.0,england,bristol,white british,mixed,54.0,47.0,24.0,Y,
353,Latitude,2015.0,,,Noel Gallagher's High Flying Birds,1.0,s,1991.0,england,manchester,white british,m,54.0,47.0,24.0,Y,
354,Latitude,2015.0,,,alt-J,2.0,b,2007.0,england,leeds,white british,m,,,8.0,Y,
355,Latitude,2016.0,,,The National,2.0,b,1999.0,United States,ohio,white american,,47.0,41.0,17.0,Y,
356,Latitude,2016.0,,,New Order,3.0,b,1980.0,england,manchester,white british,m,64.0,58.0,36.0,Y,
357,Latitude,2016.0,,,The Maccabees,1.0,b,2004.0,england,london,white british,m,,,12.0,Y,
358,Latitude,2017.0,,,Mumford and Sons,1.0,b,2007.0,england,london,white british,m,35.0,30.0,10.0,Y,
359,Latitude,2017.0,,,Fleet Foxes,2.0,b,2006.0,United States,seattle,white american,m,40.0,35.0,11.0,Y,
360,Latitude,2017.0,,,The 1975,1.0,b,2012.0,england,manchester,white british,m,,,5.0,Y,
361,lovebox,2005.0,victoria park,london,mylo,1.0,s,2004.0,scotland,isle of skye,white british,m,43.0,26.0,1.0,y,
362,lovebox,2005.0,victoria park,london,norman jay,1.0,s,,england,london,black british,m,64.0,47.0,,y,
363,lovebox,2006.0,victoria park,london,groove armada,2.0,b,1996.0,england,london,white british,m,50.0,34.0,10.0,y,
364,lovebox,2006.0,victoria park,london,jamiroquai,2.0,b,1992.0,england,london,white british,m,52.0,36.0,14.0,y,
365,lovebox,2007.0,victoria park,london,groove armada,3.0,b,1996.0,england,london,white british,m,50.0,35.0,11.0,y,
366,lovebox,2007.0,victoria park,london,sly and the family stone,1.0,b,1966.0,United States,california,mixed,mixed,79.0,64.0,41.0,n,
367,lovebox,2008.0,victoria park,london,the flaming lips,3.0,b,1983.0,United States,oklahoma,white american,m,58.0,44.0,25.0,y,
368,lovebox,2008.0,victoria park,london,manu chao,1.0,s,1984.0,france,paris,white european,m,60.0,46.0,24.0,y,
369,lovebox,2009.0,victoria park,london,groove armada,4.0,b,1996.0,england,london,white british,m,50.0,37.0,13.0,y,
370,lovebox,2009.0,victoria park,london,duran duran,2.0,b,1978.0,england,birmingham,white british,m,61.0,48.0,31.0,y,
371,lovebox,2010.0,victoria park,london,dizzee rascal,3.0,s,2000.0,england,london,black british,m,37.0,25.0,10.0,y,
372,lovebox,2010.0,victoria park,london,roxy music,1.0,b,1972.0,england,london,white british,m,73.0,61.0,38.0,,
373,lovebox,2010.0,victoria park,london,Grace Jones,2.0,s,1973.0,United States,new york,black american,f,73.0,61.0,37.0,y,
374,lovebox,2011.0,victoria park,london,the wombats,1.0,b,2003.0,england,liverpool,white british,m,38.0,27.0,8.0,y,
375,lovebox,2011.0,victoria park,london,scissor sisters,1.0,b,2001.0,United States,new york,white american,mixed,45.0,34.0,10.0,y,
376,lovebox,2011.0,victoria park,london,snoop dogg,3.0,s,1992.0,United States,california,black american,m,50.0,39.0,19.0,y,
377,lovebox,2012.0,victoria park,london,friendly fires,1.0,b,2006.0,england,st albans,white british,m,37.0,27.0,6.0,y,
378,lovebox,2012.0,victoria park,london,Grace Jones,3.0,s,1973.0,United States,new york,black american,f,73.0,63.0,39.0,y,
379,lovebox,2012.0,victoria park,london,hot chip,2.0,b,2000.0,england,london,white british,m,,,12.0,Y,
380,lovebox,2013.0,victoria park,london,azealia banks,1.0,s,2008.0,United States,new york,black american,f,30.0,21.0,5.0,y,
381,lovebox,2013.0,victoria park,london,plan b,1.0,s,2005.0,england,london,white british,m,38.0,29.0,8.0,y,
382,lovebox,2013.0,victoria park,london,goldfrapp,1.0,s,1999.0,england,,white british,mixed,58.0,49.0,14.0,y,
383,lovebox,2014.0,victoria park,london,M.I.A,1.0,s,2000.0,england,london,british asian,f,46.0,38.0,14.0,y,
384,lovebox,2014.0,victoria park,london,Nas,1.0,s,1991.0,United States,new york,black american,m,48.0,40.0,23.0,y,
385,lovebox,2014.0,victoria park,london,chase & status,4.0,b,2003.0,england,london,white british,m,,,11.0,y,
386,lovebox,2015.0,victoria park,london,snoop dogg,4.0,s,1992.0,United States,california,black american,m,50.0,43.0,23.0,y,
387,lovebox,2015.0,victoria park,london,rudimental,2.0,b,2010.0,england,london,mixed,mixed,,,5.0,y,
388,lovebox,2016.0,victoria park,london,major lazer,2.0,b,2009.0,,,mixed,m,41.0,35.0,7.0,y,
389,lovebox,2016.0,victoria park,london,lcd soundsystem,1.0,b,2002.0,United States,new york,white american,m,52.0,46.0,14.0,y,
390,lovebox,2017.0,victoria park,london,frank ocean,1.0,s,2005.0,United States,new orleans,black american,m,34.0,29.0,12.0,y,
391,lovebox,2017.0,victoria park,london,chase & status,5.0,b,2003.0,england,london,white british,m,,,14.0,y,
392,Reading,1997.0,,,Manic Street Preachers,2.0,b,1986.0,wales,caerphilly,white british,m,53.0,28.0,11.0,Y,
393,Reading,1997.0,,,Suede,2.0,b,1989.0,england,london,white british,m,54.0,29.0,8.0,Y,
394,Reading,1997.0,,,Metallica,5.0,b,1981.0,United States,los angeles,white british,m,58.0,33.0,16.0,Y,
395,Reading,1998.0,,,Beastie Boys,2.0,b,1980.0,United States,new york,white american,m,55.0,29.0,18.0,N,
396,Reading,1998.0,,,Garbage,1.0,b,1993.0,United States,wisconsin,white american,mixed,55.0,31.0,5.0,Y,
397,Reading,1998.0,,,Jimmy Page and Robert Plant,1.0,b,1965.0,england,,white british,m,76.0,51.0,33.0,Y,
398,Reading,1999.0,,,Blur,4.0,b,1988.0,england,london,white british,m,53.0,30.0,11.0,Y,
399,Reading,1999.0,,,Charlatans,1.0,b,1989.0,england,manchester,white british,m,55.0,32.0,10.0,Y,
400,Reading,1999.0,,,Red Hot Chili Peppers,2.0,b,1983.0,United States,los angeles,white american,m,59.0,36.0,16.0,Y,
401,Reading,2000.0,,,Stereophonics,5.0,b,1992.0,wales,mid glamorgan,white british,m,47.0,25.0,8.0,Y,
402,Reading,2000.0,,,Oasis,3.0,b,1991.0,england,manchester,white british,m,52.0,30.0,9.0,N,
403,Reading,2000.0,,,Pulp,3.0,b,1978.0,england,sheffield,white british,mixed,40.0,33.0,12.0,N,
404,Reading,2001.0,,,Eminem,1.0,s,1988.0,United States,michigan,white american,m,49.0,28.0,13.0,Y,
405,Reading,2001.0,,,Travis,3.0,b,1990.0,scotland,glasgow,white british,m,50.0,29.0,11.0,Y,
406,Reading,2001.0,,,Manic Street Preachers,3.0,b,1986.0,wales,caerphilly,white british,m,53.0,31.0,15.0,Y,
407,Reading,2002.0,,,The Strokes,2.0,b,1998.0,United States,new york,white american,m,42.0,22.0,4.0,Y,
408,Reading,2002.0,,,The Prodigy,7.0,b,1990.0,england,essex,mixed,m,52.0,32.0,12.0,Y,
409,Reading,2002.0,,,Foo Fighters,4.0,b,1994.0,United States,seattle,white american,m,52.0,32.0,8.0,Y,
410,Reading,2003.0,,,Linkin Park,5.0,b,1996.0,United States,california,white american,m,44.0,25.0,7.0,Y,
411,Reading,2003.0,,,Blur,5.0,b,1988.0,england,london,white british,m,53.0,34.0,15.0,Y,
412,Reading,2003.0,,,Metallica,6.0,b,1981.0,United States,los angeles,white british,m,58.0,39.0,22.0,Y,
413,Reading,2004.0,,,The White Stripes,2.0,b,1997.0,United States,detroit,white american,mixed,47.0,29.0,7.0,N,
414,Reading,2004.0,,,The Darkness,1.0,b,2000.0,england,suffolk,white british,m,48.0,30.0,4.0,Y,
415,Reading,2004.0,,,Green Day,1.0,b,1986.0,United States,california,white american,m,49.0,31.0,18.0,Y,
416,Reading,2005.0,,,Foo Fighters,5.0,b,1994.0,United States,seattle,white american,m,52.0,35.0,11.0,Y,
417,Reading,2005.0,,,Pixies,1.0,b,1986.0,United States,boston,mixed,mixed,57.0,40.0,19.0,Y,
418,Reading,2005.0,,,Iron Maiden,5.0,b,1975.0,england,london,white british,m,66.0,49.0,30.0,Y,
419,Reading,2006.0,,,Muse,6.0,b,1994.0,england,teignmouth,white british,m ,43.0,27.0,12.0,Y,
420,Reading,2006.0,,,Franz Ferdinand,2.0,b,2002.0,scotland,glasgow,white british,m,45.0,29.0,4.0,Y,
421,Reading,2006.0,,,Pearl Jam,2.0,b,1990.0,United States,seattle,white american,m ,57.0,41.0,16.0,Y,
422,Reading,2007.0,,,Razorlight,1.0,b,2002.0,england,london,white british,m,41.0,26.0,5.0,Y,
423,Reading,2007.0,,,The Smashing Pumpkins,1.0,b,1988.0,United States,chicago,mixed,mixed,54.0,39.0,19.0,Y,
424,Reading,2007.0,,,Red Hot Chili Peppers,3.0,b,1983.0,United States,los angeles,white american,m,59.0,44.0,24.0,Y,
425,Reading,2008.0,,,The Killers,3.0,b,2001.0,United States,las vegas,white american,m,44.0,30.0,7.0,Y,
426,Reading,2008.0,,,Rage Against the Machine,2.0,b,1991.0,United States,los angeles,mixed,m,54.0,40.0,17.0,N,
427,Reading,2008.0,,,Metallica,7.0,b,1981.0,United States,los angeles,white american,m,58.0,44.0,17.0,Y,
428,Reading,2009.0,,,Arctic Monkeys,3.0,b,2002.0,england,sheffield,white british,m,36.0,23.0,7.0,Y,
429,Reading,2009.0,,,Kings of Leon,4.0,b,1999.0,United States,tennessee,white american,m,39.0,28.0,10.0,Y,
430,Reading,2009.0,,,Radiohead,4.0,b,1985.0,england,oxfordshire,white british,m,52.0,39.0,24.0,Y,
431,Reading,2010.0,,,Guns n Roses,2.0,b,1985.0,United States,california,mixed,,58.0,25.0,46.0,Y,
432,Reading,2010.0,,,Arcade Fire,4.0,b,2001.0,canada,montreal,white canadian,mixed,42.0,30.0,9.0,Y,
433,Reading,2010.0,,,Blink 182,1.0,b,1992.0,United States,california,white american,m,47.0,35.0,8.0,Y,
434,Reading,2011.0,,,The Strokes,3.0,b,1998.0,United States,new york,white american,m,42.0,31.0,13.0,Y,
435,Reading,2011.0,,,My Chemical Romance,2.0,b,2001.0,United States,new jersey,mixed,m,42.0,31.0,10.0,N,
436,Reading,2011.0,,,Muse,7.0,b,1994.0,england,teignmouth,white british,m ,43.0,32.0,17.0,Y,
437,Reading,2012.0,,,Kasabian,3.0,b,1997.0,england,leicester,white british,m,43.0,33.0,15.0,Y,
438,Reading,2012.0,,,Foo Fighters,6.0,b,1994.0,United States,seattle,white american,m,52.0,42.0,15.0,Y,
439,Reading,2012.0,,,The Cure,6.0,b,1976.0,england,crawley,white british,m,62.0,51.0,36.0,Y,
440,Reading,2013.0,,,Biffy Clyro,2.0,b,1995.0,scotland,east ayrshire,white british,m,41.0,32.0,18.0,Y,
441,Reading,2013.0,,,Green Day,2.0,b,1986.0,United States,california,white american,m,49.0,40.0,27.0,Y,
442,Reading,2013.0,,,Eminem,2.0,b,1988.0,United States,michigan,white american,,49.0,40.0,25.0,Y,
443,Reading,2014.0,,,Arctic Monkeys,4.0,b,2002.0,england,sheffield,white british,m,36.0,28.0,12.0,Y,
444,Reading,2014.0,,,Blink 182,2.0,b,1992.0,United States,california,white american,m,47.0,39.0,12.0,Y,
445,Reading,2014.0,,,Queens of the Stone Age,1.0,b,1996.0,United States,california,white american,,48.0,40.0,18.0,Y,
446,Reading,2015.0,,,Mumford & Sons,2.0,b,2007.0,england,london,white british,m,35.0,28.0,8.0,Y,
447,Reading,2015.0,,,The Libertines,1.0,b,1997.0,england,london,mixed,m,45.0,38.0,21.0,Y,
448,Reading,2015.0,,,Metallica,8.0,b,1981.0,United States,los angeles,white american,m,58.0,51.0,34.0,Y,
449,Reading,2016.0,,,Foals,3.0,b,2005.0,england,oxfordshire,mixed,m,35.0,29.0,11.0,Y,
450,Reading,2016.0,,,Biffy Clyro,3.0,b,1995.0,scotland,east ayrshire,white british,m,41.0,35.0,21.0,Y,
451,Reading,2016.0,,,Red Hot Chili Peppers,4.0,b,1983.0,United States,los angeles,white american,m,59.0,36.0,16.0,Y,
452,Reading,2017.0,,,Muse,8.0,b,1994.0,england,teignmouth,white british,m ,43.0,38.0,23.0,Y,
453,Reading,2017.0,,,Kasabian,4.0,b,1997.0,england,leicester,white british,m,43.0,38.0,20.0,Y,
454,Reading,2017.0,,,Eminem,3.0,b,1988.0,United States,michigan,white american,m,49.0,44.0,29.0,Y,
455,rewind,2009.0,henley on thames ,berkshire,kim wilde,1.0,s,1980.0,england,chiswick,white british,f,61.0,48.0,29.0,y,
456,rewind,2009.0,henley on thames ,berkshire,gloria gaynor,1.0,s,1965.0,United States,new jersey,black american,f,72.0,59.0,44.0,y,
457,rewind,2010.0,henley on thames ,berkshire,Boy George,2.0,s,1979.0,england,london,white british,m,60.0,48.0,31.0,y,
458,rewind,2010.0,henley on thames ,berkshire,tony hadley,1.0,s,1979.0,england,london,white british,m,61.0,49.0,31.0,y,
459,rewind,2011.0,henley on thames ,berkshire,the human league,1.0,b,1977.0,england,sheffield,white british,mixed,61.0,50.0,34.0,y,
460,rewind,2011.0,perth,scotland,the human league,2.0,b,1977.0,england,sheffield,white british,mixed,61.0,50.0,34.0,y,
461,rewind,2011.0,perth,scotland,tony hadley,2.0,s,1979.0,england,london,white british,m,61.0,50.0,32.0,y,
462,rewind,2011.0,henley on thames ,berkshire,holly johnson,1.0,s,1977.0,england,liverpool,white british,m,62.0,51.0,34.0,y,
463,rewind,2012.0,perth,scotland,holly johnson,2.0,s,1977.0,england,liverpool,white british,m,62.0,52.0,35.0,y,
464,rewind,2012.0,henley,berkshire,OMD,1.0,b,1978.0,england,merseyside,white british,m,62.0,52.0,34.0,y,
465,rewind,2012.0,henley on thames ,berkshire,kool & the gang,1.0,b,1964.0,United States,new jersey,black american,,71.0,61.0,48.0,y,
466,rewind,2012.0,perth,scotland,big country,1.0,b,1981.0,scotland,dunfermline,mixed,m,,,31.0,y,
467,rewind,2013.0,perth,scotland,the human league,3.0,b,1977.0,england,sheffield,white british,mixed,61.0,52.0,36.0,y,
468,rewind,2013.0,perth,scotland,the human league,4.0,b,1977.0,england,sheffield,white british,mixed,61.0,52.0,36.0,y,
469,rewind,2013.0,perth,scotland,ub40,2.0,b,1978.0,england,birmingham,mixed,m,63.0,54.0,35.0,y,
470,rewind,2013.0,perth,scotland,ub40,3.0,b,1978.0,england,birmingham,mixed,m,63.0,54.0,35.0,y,
471,rewind,2013.0,henley,berkshire,the B-52s,1.0,b,1976.0,United States,georgia,white american,mixed,69.0,60.0,37.0,y,
472,rewind,2013.0,henley,berkshire,the pointer sisters,1.0,b,1969.0,United States,california,black american,f,76.0,67.0,44.0,y,
473,rewind,2014.0,henley on thames,berkshire,holly johnson,3.0,s,1977.0,england,liverpool,white british,m,62.0,54.0,37.0,y,
474,rewind,2014.0,perth,scotland,billy ocean,1.0,b,1969.0,england,london,black carribean,m,72.0,64.0,45.0,y,
475,rewind,2014.0,perth,scotland,daryl hall and john oates,1.0,b,1965.0,United States,,white american,m,74.0,66.0,49.0,y,
476,rewind,2014.0,henley on thames,berkshire,thompson twins,1.0,s,1977.0,england,sheffield,white british,mixed,,,37.0,,
477,rewind,2015.0,henley on thames,berkshire,the human league,5.0,b,1977.0,england,sheffield,white british,mixed,61.0,54.0,38.0,y,
478,rewind,2015.0,henley on thames,berkshire,OMD,2.0,b,1978.0,england,merseyside,white british,m,62.0,55.0,37.0,y,
479,rewind,2015.0,perth,scotland,OMD,3.0,b,1978.0,england,merseyside,white british,m,62.0,55.0,37.0,y,
480,rewind,2015.0,perth,scotland,thompson twins,2.0,s,1977.0,england,sheffield,white british,mixed,,,38.0,y,
481,rewind,2016.0,henley,berkshire,andy bell,1.0,s,1985.0,england,northamptonshire,white british,m,57.0,51.0,31.0,y,
482,rewind,2016.0,perth,scotland,holly johnson,4.0,s,1977.0,england,liverpool,white british,m,62.0,56.0,39.0,y,
483,rewind,2016.0,henley,berkshire,adam ant,1.0,s,1976.0,england,london,white british,m,67.0,61.0,40.0,y,
484,rewind,2016.0,perth,scotland,adam ant,2.0,s,1976.0,england,london,white british,m,67.0,61.0,40.0,y,
485,rewind,2017.0,perth,scotland,level 42,2.0,b,1980.0,england,isle of wight,white british,m,63.0,58.0,37.0,y,
486,rewind,2017.0,henley on thames,,level 42,3.0,b,1980.0,england,isle of wight,white british,m,63.0,58.0,37.0,y,
487,rewind,2017.0,henley on thames,,midge ure,1.0,s,1972.0,scotland,lanarkshire,white british,m,68.0,63.0,45.0,y,
488,rewind,2017.0,perth,scotland,soul 2 soul,1.0,b,1988.0,United States,london,black british,mixed,,,29.0,y,
489,t in the park,1994.0,strathclyde,scotland,Rage Against the Machine,3.0,b,1991.0,United States,los angeles,mixed,m,54.0,26.0,3.0,n,
490,t in the park,1994.0,strathclyde,scotland,Primal Scream,3.0,b,1982.0,scotland,glasgow,white british,m,57.0,29.0,12.0,y,
491,t in the park,1995.0,strathclyde,scotland,m people,1.0,b,1990.0,england,manchester,mixed,mixed,57.0,30.0,5.0,y,
492,t in the park,1995.0,strathclyde,scotland,Paul Weller,3.0,s,1972.0,england,surrey,white british,m,63.0,36.0,23.0,y,
493,t in the park,1996.0,strathclyde,scotland,Radiohead,5.0,b,1985.0,england,oxfordshire,white british,m,52.0,26.0,11.0,y,
494,t in the park,1996.0,strathclyde,scotland,Pulp,4.0,b,1978.0,england,sheffield,white british,mixed,57.0,31.0,18.0,y,
495,t in the park,1997.0,strathclyde,scotland,Charlatans,2.0,b,1989.0,england,manchester,white british,m,55.0,30.0,8.0,y,
496,t in the park,1997.0,strathclyde,scotland,Paul Weller,4.0,s,1972.0,england,surrey,white british,m,63.0,38.0,25.0,y,
497,t in the park,1998.0,strathclyde,scotland,The Prodigy,8.0,b,1990.0,england,essex,mixed,m,52.0,28.0,8.0,y,
498,t in the park,1998.0,strathclyde,scotland,Pulp,5.0,b,1978.0,england,sheffield,white british,mixed,57.0,33.0,20.0,n,
499,t in the park,1999.0,strathclyde,scotland,Manic Street Preachers,4.0,b,1986.0,wales,caerphilly,white british,m,53.0,30.0,13.0,y,
500,t in the park,1999.0,strathclyde,scotland,Blur,6.0,b,1988.0,england,london,white british,m,53.0,30.0,11.0,n,
501,t in the park,2000.0,kinross,scotland,Travis,4.0,b,1990.0,scotland,glasgow,white british,m,50.0,28.0,10.0,y,
502,t in the park,2000.0,kinross,scotland,Moby,2.0,s,1978.0,United States,new york,white american,m,56.0,34.0,22.0,y,
503,t in the park,2001.0,kinross,scotland,Stereophonics,6.0,b,1992.0,wales,mid glamorgan,white british,m,47.0,26.0,9.0,y,
504,t in the park,2001.0,kinross,scotland,Travis,5.0,b,1990.0,scotland,glasgow,white british,m,50.0,29.0,11.0,y,
505,t in the park,2002.0,kinross,scotland,Chemical Brothers,4.0,b,1989.0,england,manchester,white british,m,52.0,32.0,13.0,y,
506,t in the park,2002.0,kinross,scotland,Oasis,4.0,b,1991.0,england,manchester,white british,m,52.0,32.0,11.0,n,
507,t in the park,2003.0,kinross,scotland,Coldplay,6.0,b,1996.0,england,london,white british,m,44.0,25.0,7.0,y,
508,t in the park,2003.0,kinross,scotland,REM,4.0,b,1980.0,United States,georgia,white american,m,63.0,44.0,23.0,n,
509,t in the park,2004.0,kinross,scotland,The Strokes,4.0,b,1998.0,United States,new york,white american,m,42.0,24.0,6.0,y,
510,t in the park,2004.0,kinross,scotland,The Darkness,2.0,b,2000.0,england,suffolk,white british,m,48.0,30.0,4.0,y,
511,t in the park,2005.0,kinross,scotland,Green Day,3.0,b,1986.0,United States,california,white american,m,49.0,32.0,19.0,y,
512,t in the park,2005.0,kinross,scotland,Foo Fighters,7.0,b,1994.0,United States,seattle,white american,m,52.0,35.0,11.0,y,
513,t in the park,2006.0,kinross,scotland,Red Hot Chili Peppers,5.0,b,1983.0,United States,los angeles,white american,m,59.0,43.0,23.0,y,
514,t in the park,2006.0,kinross,scotland,The Who,5.0,b,1964.0,england,london,white british,m,77.0,61.0,42.0,y,
515,t in the park,2007.0,kinross,scotland,Arctic Monkeys,5.0,b,2002.0,england,sheffield,white british,m,36.0,21.0,5.0,y,
516,t in the park,2007.0,kinross,scotland,The Killers,4.0,b,2001.0,United States,las vegas,white american,m,44.0,29.0,6.0,y,
517,t in the park,2007.0,kinross,scotland,Snow Patrol,3.0,b,1993.0,scotland,dundee,white british,m,45.0,30.0,14.0,y,
518,t in the park,2008.0,kinross,scotland,The Verve,2.0,b,1990.0,england,wigan,white british,m,50.0,36.0,18.0,n,
519,t in the park,2008.0,kinross,scotland,Rage Against the Machine,4.0,b,1991.0,United States,los angeles,mixed,m,54.0,40.0,17.0,n,
520,t in the park,2008.0,kinross,scotland,REM,5.0,b,1980.0,United States,georgia,white american,m,63.0,49.0,28.0,n,
521,t in the park,2009.0,kinross,scotland,Kings of Leon,5.0,b,1999.0,United States,tennessee,white american,m,39.0,26.0,10.0,y,
522,t in the park,2009.0,kinross,scotland,The Killers,5.0,b,2001.0,United States,las vegas,white american,m,44.0,31.0,8.0,y,
523,t in the park,2009.0,kinross,scotland,Blur,7.0,b,1988.0,england,london,white british,m,53.0,40.0,21.0,y,
524,t in the park,2010.0,kinross,scotland,Muse,9.0,b,1994.0,england,teignmouth,white british,,43.0,31.0,16.0,y,
525,t in the park,2010.0,kinross,scotland,Kasabian,5.0,b,1997.0,england,leicester,white british,m,43.0,31.0,13.0,y,
526,t in the park,2010.0,kinross,scotland,Eminem,4.0,s,1988.0,United States,michigan,white american,m,49.0,37.0,22.0,y,
527,t in the park,2011.0,kinross,scotland,Arctic Monkeys,6.0,b,2002.0,england,sheffield,white british,m,36.0,25.0,9.0,y,
528,t in the park,2011.0,kinross,scotland,Coldplay,7.0,b,1996.0,england,london,white british,m,44.0,33.0,15.0,y,
529,t in the park,2011.0,kinross,scotland,Foo Fighters,8.0,b,1994.0,United States,seattle,white american,m,52.0,41.0,17.0,y,
530,t in the park,2012.0,kinross,scotland,Kasabian,6.0,b,1997.0,england,leicester,white british,m,43.0,33.0,15.0,y,
531,t in the park,2012.0,kinross,scotland,Snow Patrol,4.0,b,1993.0,scotland,dundee,white british,m,45.0,35.0,19.0,y,
532,t in the park,2012.0,kinross,scotland,The Stone Roses,2.0,b,1983.0,england,manchester,white british,m,58.0,48.0,29.0,y,
533,t in the park,2013.0,kinross,scotland,rihanna,1.0,s,2003.0,barbados,saint michael,black american,f,34.0,25.0,10.0,y,
534,t in the park,2013.0,kinross,scotland,Mumford & Sons,3.0,b,2007.0,england,london,white british,m,35.0,26.0,6.0,y,
535,t in the park,2013.0,kinross,scotland,The Killers,6.0,b,2001.0,United States,las vegas,white american,m,44.0,35.0,12.0,y,
536,t in the park,2014.0,kinross,scotland,Arctic Monkeys,7.0,b,2002.0,england,sheffield,white british,m,36.0,28.0,12.0,y,
537,t in the park,2014.0,kinross,scotland,Calvin Harris,3.0,s,2002.0,scotland,dumfries,white british,m,38.0,30.0,12.0,y,
538,t in the park,2014.0,kinross,scotland,Biffy Clyro,4.0,b,1995.0,scotland,east ayrshire,white british,m,41.0,33.0,19.0,y,
539,t in the park,2015.0,kinross,scotland,avicii,1.0,s,2006.0,sweden,stockholm,white european,m,32.0,25.0,9.0,y,
540,t in the park,2015.0,kinross,scotland,Kasabian,7.0,b,1997.0,england,leicester,white british,m,43.0,36.0,18.0,y,
541,t in the park,2015.0,kinross,scotland,Noel Gallagher's High Flying Birds,2.0,s,1991.0,england,manchester,white british,m,54.0,47.0,24.0,y,
542,t in the park,2016.0,kinross,scotland,Calvin Harris,4.0,s,2002.0,scotland,dumfries,white british,m,38.0,32.0,14.0,y,
543,t in the park,2016.0,kinross,scotland,The Stone Roses,3.0,b,1983.0,england,manchester,white british,m,58.0,52.0,33.0,y,
544,t in the park,2016.0,kinross,scotland,Red Hot Chili Peppers,6.0,b,1983.0,United States,los angeles,white american,m,59.0,53.0,33.0,y,
545,v festival,1996.0,hylands park,chelmsford,Pulp,6.0,b,1978.0,england,sheffield,white british,mixed,57.0,31.0,18.0,n,
546,v festival,1996.0,hylands park,chelmsford,Paul Weller,5.0,s,1972.0,england,surrey,white british,m,63.0,37.0,24.0,y,
547,v festival,1997.0,hylands park,chelmsford,The Prodigy,9.0,b,1990.0,england,essex,mixed,m,52.0,27.0,7.0,y,
548,v festival,1997.0,hylands park,chelmsford,Blur,8.0,b,1988.0,england,london,white british,m,53.0,28.0,9.0,y,
549,v festival,1998.0,hylands park,chelmsford,The Verve,3.0,b,1990.0,england,wigan,white british,m,50.0,26.0,8.0,n,
550,v festival,1998.0,hylands park,chelmsford,Charlatans,3.0,b,1989.0,england,manchester,white british,m,55.0,31.0,9.0,y,
551,v festival,1999.0,hylands park,chelmsford,Manic Street Preachers,5.0,b,1986.0,wales,caerphilly,white british,m,53.0,30.0,13.0,y,
552,v festival,1999.0,hylands park,chelmsford,Suede,3.0,b,1989.0,england,london,white british,m,54.0,31.0,10.0,y,
553,v festival,2000.0,hylands park,chelmsford,Travis,6.0,b,1990.0,scotland,glasgow,white british,m,50.0,28.0,10.0,y,
554,v festival,2000.0,hylands park,chelmsford,richard ashcroft,1.0,s,1990.0,england,wigan,white british,m,50.0,28.0,10.0,y,
555,v festival,2001.0,hylands park,chelmsford,texas,2.0,b,1986.0,scotland,glasgow,white british,mixed,54.0,33.0,15.0,y,
556,v festival,2001.0,hylands park,chelmsford,Red Hot Chili Peppers,7.0,b,1983.0,United States,los angeles,white american,m,59.0,38.0,18.0,y,
557,v festival,2002.0,hylands park,chelmsford,Stereophonics,7.0,b,1992.0,wales,mid glamorgan,white british,m,47.0,27.0,10.0,y,
558,v festival,2002.0,hylands park,chelmsford,Chemical Brothers,5.0,b,1989.0,england,manchester,white british,m,52.0,32.0,13.0,y,
559,v festival,2003.0,hylands park,chelmsford,Coldplay,8.0,b,1996.0,england,london,white british,m,44.0,25.0,7.0,y,
560,v festival,2003.0,hylands park,chelmsford,Red Hot Chili Peppers,8.0,b,1983.0,United States,los angeles,white american,m,59.0,40.0,20.0,y,
561,v festival,2004.0,hylands park,chelmsford,The Strokes,5.0,b,1998.0,United States,new york,white american,m,42.0,24.0,6.0,y,
562,v festival,2004.0,hylands park,chelmsford,Muse,10.0,b,1994.0,england,teignmouth,white british,,43.0,25.0,10.0,y,
563,v festival,2005.0,hylands park,chelmsford,scissor sisters,2.0,b,2001.0,United States,new york,white american,mixed,45.0,28.0,4.0,y,
564,v festival,2005.0,hylands park,chelmsford,Franz Ferdinand,3.0,b,2002.0,scotland,glasgow,white british,m,45.0,28.0,3.0,y,
565,v festival,2005.0,hylands park,chelmsford,Oasis,5.0,b,1991.0,england,manchester,white british,m,52.0,35.0,14.0,n,
566,v festival,2006.0,hylands park,chelmsford,Radiohead,6.0,b,1985.0,england,oxfordshire,white british,m,52.0,36.0,21.0,y,
567,v festival,2006.0,hylands park,chelmsford,Faithless,4.0,b,1995.0,england,london,black british,mixed,57.0,41.0,11.0,y,
568,v festival,2006.0,hylands park,chelmsford,morrissey,1.0,s,1977.0,england,lancashire,white british,m,62.0,46.0,29.0,y,
569,v festival,2007.0,hylands park,chelmsford,Kasabian,8.0,b,1997.0,england,leicester,white british,m,43.0,28.0,10.0,y,
570,v festival,2007.0,hylands park,chelmsford,The Killers,7.0,b,2001.0,United States,las vegas,white american,m,44.0,29.0,6.0,y,
571,v festival,2007.0,hylands park,chelmsford,Foo Fighters,9.0,b,1994.0,United States,seattle,white american,m,52.0,37.0,13.0,y,
572,v festival,2008.0,hylands park,chelmsford,Kings of Leon,6.0,b,1999.0,United States,tennessee,white american,m,39.0,25.0,9.0,y,
573,v festival,2008.0,hylands park,chelmsford,Muse,11.0,b,1994.0,england,teignmouth,white british,,43.0,29.0,14.0,y,
574,v festival,2008.0,hylands park,chelmsford,Stereophonics,8.0,b,1992.0,wales,mid glamorgan,white british,m,47.0,33.0,16.0,y,
575,v festival,2008.0,hylands park,chelmsford,The Verve,4.0,b,1990.0,england,wigan,white british,m,50.0,36.0,18.0,y,
576,v festival,2009.0,hylands park,chelmsford,The Killers,8.0,b,2001.0,United States,las vegas,white american,m,44.0,31.0,8.0,y,
577,v festival,2009.0,hylands park,chelmsford,Oasis,6.0,b,1991.0,england,manchester,white british,m,52.0,39.0,18.0,n,
578,v festival,2010.0,hylands park,chelmsford,Kings of Leon,7.0,b,1999.0,United States,tennessee,white american,m,39.0,27.0,11.0,y,
579,v festival,2010.0,hylands park,chelmsford,Kasabian,9.0,b,1997.0,england,leicester,white british,m,43.0,31.0,13.0,y,
580,v festival,2011.0,hylands park,chelmsford,Arctic Monkeys,8.0,b,2002.0,england,sheffield,white british,m,36.0,25.0,9.0,y,
581,v festival,2011.0,hylands park,chelmsford,Eminem,5.0,s,1988.0,United States,michigan,white american,m,49.0,38.0,23.0,y,
582,v festival,2012.0,hylands park,chelmsford,The Killers,9.0,b,2001.0,United States,las vegas,white american,m,44.0,34.0,11.0,y,
583,v festival,2012.0,hylands park,chelmsford,The Stone Roses,4.0,b,1983.0,england,manchester,white british,m,58.0,48.0,29.0,y,
584,v festival,2013.0,hylands park,chelmsford,Kings of Leon,8.0,b,1999.0,United States,tennessee,white american,m,39.0,30.0,14.0,y,
585,v festival,2013.0,hylands park,chelmsford,Beyonce,2.0,s,1997.0,United States,houston,african american,f,40.0,31.0,16.0,y,
586,v festival,2014.0,hylands park,chelmsford,justin timberlake,1.0,b,1992.0,United States,tennessee,white american,m,41.0,33.0,22.0,y,
587,v festival,2014.0,hylands park,chelmsford,The Killers,10.0,b,2001.0,United States,las vegas,white american,m,44.0,36.0,13.0,y,
588,v festival,2015.0,hylands park,chelmsford,Calvin Harris,5.0,s,2002.0,scotland,dumfries,white british,m,38.0,31.0,13.0,y,
589,v festival,2015.0,hylands park,chelmsford,Kasabian,10.0,b,1997.0,england,leicester,white british,m,43.0,36.0,18.0,y,
590,v festival,2016.0,hylands park,chelmsford,justin bieber,1.0,s,2008.0,canada,ontario,white canadian,m,28.0,22.0,8.0,y,
591,v festival,2016.0,hylands park,chelmsford,rihanna,2.0,s,2003.0,barbados,saint michael,black american,f,34.0,28.0,13.0,y,
592,v festival,2017.0,hylands park,chelmsford,pink,1.0,s,1995.0,United States,pennsylvania,white american,,42.0,37.0,22.0,y,
593,v festival,2017.0,hylands park,chelmsford,jay-z,2.0,s,1986.0,United States,new york,black american,m,52.0,47.0,31.0,y,
594,Wireless,2005.0,hyde park,london,keane,2.0,b,1995.0,england,east sussex,white british,m,44.0,27.0,10.0,N,
595,Wireless,2005.0,hyde park,london,Kasabian,11.0,b,1997.0,england,leicester,white british,m,43.0,27.0,8.0,Y,
596,Wireless,2005.0,hyde park,london,Basement Jaxx,3.0,b,1994.0,england,london,white british,m,52.0,35.0,11.0,Y,
597,Wireless,2005.0,hyde park,london,New Order,4.0,b,1980.0,england,manchester,white british,m,64.0,47.0,25.0,Y,
598,Wireless,2006.0,hyde park,london,The Strokes,6.0,b,1998.0,United States,new york,white american,m,42.0,26.0,8.0,Y,
599,Wireless,2006.0,hyde park,london,james blunt,2.0,s,2003.0,england,hampshire,white british,m,48.0,32.0,3.0,Y,
600,Wireless,2006.0,hyde park,london,david gray,3.0,s,1992.0,england,trafford,white british,m,53.0,37.0,14.0,Y,
601,Wireless,2006.0,hyde park,london,massive attack,2.0,b,1988.0,england,bristol,mixed,m,58.0,42.0,18.0,Y,
602,Wireless,2006.0,hyde park,london,depeche mode,1.0,b,1980.0,england,essex,white british,m,60.0,44.0,26.0,Y,
603,Wireless,2006.0,hyde park,london,The Who,6.0,b,1964.0,england,london,white british,m,77.0,61.0,42.0,Y,
604,Wireless,2007.0,hyde park,london,Kaiser Chiefs,3.0,b,2000.0,england,leeds,white british,,46.0,31.0,7.0,Y,
605,Wireless,2007.0,hyde park,london,The White Stripes,3.0,b,1997.0,United States,detroit,white american,mixed,47.0,32.0,10.0,N,
606,Wireless,2007.0,hyde park,london,daft punk,1.0,b,1993.0,france,paris,white european,m,48.0,33.0,14.0,Y,
607,Wireless,2007.0,hyde park,london,Faithless,5.0,b,1995.0,england,london,black british,mixed,57.0,40.0,12.0,Y,
608,Wireless,2008.0,hyde park,london,jay-z,3.0,s,1986.0,United States,new york,black american,m,52.0,38.0,22.0,Y,
609,Wireless,2008.0,hyde park,london,counting crows,1.0,b,1991.0,United States,berkeley,white american,m,57.0,42.0,17.0,Y,
610,Wireless,2008.0,hyde park,london,fatboy slim,3.0,s,1996.0,england,london,white british,m,58.0,44.0,12.0,Y,
611,Wireless,2008.0,hyde park,london,morrissey,2.0,s,1977.0,england,lancashire,white british,m,62.0,48.0,31.0,Y,
612,Wireless,2009.0,hyde park,london,Kanye West,2.0,s ,1996.0,United States,chicago,african american,m,44.0,30.0,13.0,Y,
613,Wireless,2009.0,hyde park,london,Basement Jaxx,4.0,b,1994.0,england,london,white british,m,52.0,39.0,15.0,Y,
614,Wireless,2010.0,hyde park,london,pink,2.0,s,1995.0,United States,pennsylvania,white american,,42.0,30.0,15.0,Y,
615,Wireless,2010.0,hyde park,london,jay-z,4.0,s,1986.0,United States,new york,black american,m,52.0,39.0,24.0,Y,
616,Wireless,2010.0,hyde park,london,lcd soundsystem,2.0,b,2002.0,United States,new york,white american,m,52.0,40.0,8.0,Y,
617,Wireless,2011.0,hyde park,london,the black eyed peas,1.0,b,1992.0,United States,los angeles,mixed heritage,mixed,46.0,35.0,19.0,Y,
618,Wireless,2011.0,hyde park,london,Chemical Brothers,6.0,b,1989.0,england,manchester,white british,m,52.0,41.0,22.0,Y,
619,Wireless,2011.0,hyde park,london,Pulp,7.0,b,1978.0,england,sheffield,white british,mixed,57.0,45.0,33.0,N,
620,Wireless,2012.0,hyde park,london,rihanna,3.0,s,2003.0,barbados,saint michael,black american,f,34.0,23.0,9.0,Y,
621,Wireless,2012.0,hyde park,london,drake,1.0,s,2001.0,canada,toronto,black canadian,m,35.0,25.0,11.0,Y,
622,Wireless,2012.0,hyde park,london,deadmau5,2.0,s,1998.0,canada,ontario,white canadian,m,41.0,31.0,14.0,Y,
623,Wireless,2013.0,stratford,london,rihanna,4.0,s,2003.0,barbados,saint michael,black american,f,34.0,24.0,10.0,Y,
624,Wireless,2013.0,stratford,london,justin timberlake,2.0,s,1992.0,United States,memphis,white american,m,41.0,32.0,21.0,Y,
625,Wireless,2013.0,stratford,london,jay-z,5.0,s,1986.0,United States,new york,black american,m,52.0,43.0,27.0,Y,
626,Wireless,2014.0,finsbury park,london,bruno mars,1.0,s,2004.0,United States,hawaii,mixed heritage,m,36.0,28.0,10.0,Y,
627,Wireless,2014.0,finsbury park,london,Kanye West,3.0,s ,1996.0,United States,chicago,african american,m,44.0,36.0,18.0,Y,
628,Wireless,2014.0,finsbury park,london,rudimental,3.0,b,2010.0,england,london,mixed,mixed,,,4.0,Y,
629,Wireless,2015.0,finsbury park,london,avicii,2.0,s,2006.0,sweden,stockholm,white european,m,32.0,25.0,9.0,Y,
630,Wireless,2015.0,finsbury park,london,drake,2.0,s,2001.0,canada,toronto,black canadian,m,35.0,28.0,14.0,Y,
631,Wireless,2015.0,finsbury park,london,nicki minaj,1.0,s,2004.0,United States,new york,black american,f,39.0,31.0,11.0,Y,
632,Wireless,2015.0,finsbury park,london,David Guetta,2.0,s,1984.0,france,paris,white european,m,54.0,47.0,31.0,Y,
633,Wireless,2016.0,finsbury park,london,kygo,1.0,s,2009.0,norway,bergen,white european,m,30.0,23.0,7.0,Y,
634,Wireless,2016.0,finsbury park,london,Calvin Harris,6.0,s,2002.0,scotland,dumfries,white british,m,38.0,32.0,14.0,Y,
635,Wireless,2016.0,finsbury park,london,chase & status,6.0,b,2003.0,england,london,white british,m,,,13.0,Y,
636,Wireless,2017.0,finsbury park,london,chance the rapper,1.0,s,2011.0,United States,chicago,black american,m,28.0,23.0,6.0,Y,
637,Wireless,2017.0,finsbury park,london,the weeknd,1.0,s,2010.0,canada,toronto,black candadian,m,32.0,26.0,7.0,Y,
638,Wireless,2017.0,finsbury park,london,skepta,1.0,s,2003.0,england,london,black british,m,39.0,34.0,14.0,Y,
